job_title,company,date_posted,location,remote_status,employment_type,schedule,license_requirements,salary_range,job_description,apply_link,specialties,source_site,scraped_at
NURSE REVIEWER I,Elevance Health,2025-12-30,Remote,Remote,Full-time,Days,Must Be Licensed In: State Of Residency,$34.69 - $54.41,"Position Title: Nurse Reviewer I Job Description: Nurse Reviewer I Location: This role enables associates to work virtually full-time, except for required in-person training sessions, providing maximum flexibility and autonomy. This approach promotes productivity, supports work-life integration, and ensures essential face-to-face onboarding and skill development. Please note that per our policy on hybrid/virtual work, candidates not within a reasonable commuting distance from the posting location(s) will not be considered for employment, unless an accommodation is granted as required by law. A proud member of the Elevance Health family of brands, Carelon Health (formerly CareMore Health) offers clinical programs and primary care options for seniors. We are a team of committed clinicians and business leaders passionate about transforming American healthcare delivery. Work Hours: Monday - Friday (9:30 AM -6:00 PM Centeral) The Nurse Reviewer I is responsible for conducting preauthorization, out of network and appropriateness of treatment reviews for diagnostic imaging services by utilizing appropriate policies, clinical and department guidelines. Collaborates with healthcare providers, and members to promote the most appropriate, highest quality and effective use of diagnostic imaging to ensure quality member outcomes, and to optimize member benefits. Works on reviews that are routine having limited or no previous medical review experience requiring guidance by more senior colleagues and/or management. Partners with more senior colleagues to complete non-routine reviews. Through work experience and mentoring learns to conduct medical necessity clinical screenings of preauthorization request to assess assessing the medical necessity of diagnostic imaging procedures, out of network services, and appropriateness of treatment. How you will make an impact Primary duties may include, but are not limited to: Conducts initial medical necessity clinical screening and",https://app.nursefern.com,Utilization Review & Management (UR/UM),NurseFern,2025-12-31T09:26:49.226553
REGISTERED NURSE - UTILIZATION MANAGEMENT I,CareOregon,2025-12-30,Remote,Remote,Full-time,,Must Be Licensed In: Oregon,"$100,350 - $122,650","Registered Nurse - Utilization Management I --------------------------------------------------------------- UM RN 1- Benefit Management RN Estimated Hiring Range: $100,350.00 - $122,650.00 Bonus Target: Bonus - SIP Target, 5% Annual Current CareOregon Employees: Please use the internal Workday site to submit an application for this job. --------------------------------------------------------------- Job Summary The Registered Nurse - Utilization Management I is responsible for supporting one or more specific utilization management (UM) program functions within the Clinical Operations department. UM program functions include Benefit Management, Benefit Review and Appeals and Grievances. Together they support the healthcare needs of members, determine the best medically appropriate services, and apply clinical-based criteria for decision-making while managing medical expenses. Essential Responsibilities General Duties * Communicate with members and/or providers in a professional manner and in accordance with State and Federal requirements as needed to complete requests. * Maintain confidentiality of all discussions, records, and other data in connection with quality management activities according to professional standards. * Refer members to care coordination per policies and procedures. * Maintain accurate and complete documentation. * Collaborate with Medical Directors to determine medical necessity and appropriateness of care for benefits requested and/or rendered. * Work with clinical support staff to ensure service requests, authorizations and/or grievances are managed in accordance with state and federal guidelines. * Identify and refer potential quality of care issues for peer review. * Ensure that authorization decisions are based on organizational policy and state and federal coverage rules. * Gather and submit documents for third party case review; this includes all documentation and follow-up activities. * Issue denial notices based on es",https://app.nursefern.com,Utilization Review & Management (UR/UM),NurseFern,2025-12-31T09:26:51.323878
"CLINICAL TRIAGE NURSE, WORK FROM HOME",Sutter Health,2025-12-30,Remote,Remote,Part-time,"8hr shifts, 10hr shifts",Must Be Licensed In: State Of Residency,$0 - $0,"SHSO-Population Health Services-Utah Position Overview: Aids patients in obtaining the correct level of care with the appropriate provider at the right time. Provides advance clinical telephone support to Sutter Health patients, other callers, in-basket and other remote support for physicians, and limited in-clinic support. Uses the nursing process, input from physicians, and Sutter Health's approved telephone nursing guidelines and protocols to maintain highly efficient operations, to provide quality care, and to ensure positive patient outcomes. Assesses patients' needs, appropriately dispositions cases, collaborates with the clinic and hospital-based providers to renew electronic prescriptions, identifies hospital and community resources, consultations and referrals, and preforms nursing follow-up activities. Clinical support includes assisting physician partners with message management and other communications within the electronic medical record (EMR) system, as well as limited patient care in an outpatient setting. Job Description: DISCLAIMER Applicants must be a resident of one of the following states to be eligible for consideration for this position: Utah, Idaho, Arizona, Arkansas, Louisiana, Tennessee, Missouri, Montana, or South Carolina. DISCLAIMER 2 This is a Work from Home position, therefore internet minimum speeds of 15 mbps download and 5 mbps upload are required. EDUCATION Graduate of an accredited school of nursing CERTIFICATION & LICENSURE RN-Registered Nurse of California (You can submit application without the CA RN license, but must acquire it prior to your start date if selected). RN-Registered Nurse in State of Residence PREFERRED EXPERIENCE AS TYPICALLY ACQUIRED IN: 2 years' experience of practical nursing in a hospital, clinic, urgent care, or emergency room/department 2 years' experience with several specialties and subspecialties. OB/GYN experience helpful SKILLS AND KNOWLEDGE Professional knowledge of clinical nursing prot",https://app.nursefern.com,Triage,NurseFern,2025-12-31T09:26:53.421451
TRIAGE NURSE,UnitedHealth Group,2025-12-30,Remote,Remote,Full-time,,Must Be Licensed In: State Of Residency,$28.27 - $50.48,"Explore opportunities with [agency name], a part of LHC Group, a leading post-acute care partner for hospitals, physicians and families nationwide. As members of the Optum family of businesses, we are dedicated to helping people feel their best, including our team members who create meaningful connections with patients, their families, each other and the communities we serve. Find a home for your career here. Join us and embrace a culture of Caring. Connecting. Growing together. As a Triage Nurse, you'll be an integral part of the interdisciplinary team and as such is responsible for the excellent delivery of care through triage calls after hours and on holidays. Must be available to work weekends. Primary Responsibilities: Receive calls from patients and/or family members and respond appropriately and assess problems focusing on the delivery of high quality, patient-focused, compassionate care Assess patient status and intervene as indicated by the patient's condition and established protocols Responsible for timely and accurate documentation of calls received within the electronic medical records system including the processing of workflow associated with the clinical record Knowledge of basic triage protocols and best practices to guide and address the needs of patients in a crisis situation Responsible for coordinating with the agency on-call nurses to deliver high quality nursing care and schedule nursing assessments as required in a timely manner to meet the needs of the patients and families Responsible to ensure appropriate education regarding all updates/processes in the electronic medical record, relative state and federal regulations, documentation processes and needs, etc. by attending mandatory educational offerings and in-services Facilitates orientation of new personnel as assigned Exhibits exemplary and timely communication skills when assessing or educating patients/caregivers, performing telephone triage, or collaborating with fellow h",https://app.nursefern.com,Triage,NurseFern,2025-12-31T09:26:55.512685
EVENING PERINATAL NURSE (SPANISH FLUENCY REQUIRED) - (5P-12A EST),Pomelo Care,2025-12-30,Remote,Remote,Full-time,Evenings,Must Be Licensed In: Compact,"$78,000 - $83,000","Your North Star: Provide and facilitate amazing patient-centered clinical care to our patients. We are currently hiring for FT evening hours: M-F 5pm-12a EST. Reporting to the Head of Nursing Programs, your key responsibilities will include: Ongoing clinical and psychosocial assessment of new patients, providing reassurance and building rapport Establishing individualized care plans to meet specific health needs based on evidence-based standards Developing wellness goals by determining motivating factors and leveraging them for best possible health outcomes Identifying and addressing barriers to care that have been identified by patients and/or the care team. Reducing care gaps (missed appointments, medication management, etc.) by frequent engagements with patient Assessing the need for and educating patients on the equipment they will use to monitor their health remotely Ongoing surveillance and timely response to abnormal diagnostic results (labs, radiology, etc.) Assessment of urgent concerns and proactively triaging patients to support appropriate utilization of emergency services Timely documentation of all care/interactions and escalating to appropriate multidisciplinary teams, as needed Supporting the development of programs and product by providing user feedback Who you are Registered Nurse, with a minimum BSN, residing in a compact state, and possessing a current, active, unencumbered compact RN license with multi-state privileges Have 4+ years RECENT experience in a hospital and/or healthcare practice, serving maternal-child health populations (minimum 3 years in labor and delivery) Flexible and agile thinker who embraces change Are internet-connected, able to work remotely via video, phone and text Willing to travel occasionally (infrequent) Willing to work weekends and holidays Understand the prevalence and role that birth inequity and structural racism plays in maternal morbidity and mortality Professionally engaged Bonus points if you have any of",https://app.nursefern.com,Triage,NurseFern,2025-12-31T09:26:57.593703
"RN, CHILDREN'S IMAGING AND PROCEDURE ANESTHESIA COORDINATOR (TMC)",Memorial Hermann,2025-12-30,Remote,On-site,Full-time,Days,Must Be Licensed In: Texas,$0 - $0,"At Memorial Hermann, we pursue a common goal of delivering high quality, efficient care while creating exceptional experiences for every member of our community. When we say every member of our community, that includes our employees. We know that when our employees feel cared for, heard and valued, they are inspired to create moments that exceed expectations, while prioritizing safety, compassion, personalization and efficiency. If you want to advance your career and contribute to our vision of creating healthier communities, now and for generations to come, we want you to be a part of our team. Job Summary Collaborates with the physician and healthcare team in the delivery of patient care, utilizing the nursing process. Provides professional nursing care to patients, including conducting nursing assessments, assisting with exams and treatment, patient education, and maintenance of medical records. MHHS hires RNs based on years of experience groupings (i.e. newly licensed RN [working under the supervision of RN clinical preceptor], less than 1 year, 1-3 years, 3 to 10 and 10+).Job Description Memorial Hermann The Medical Center is seeking a Children's Imaging and Procedure Anesthesia Coordinator RN to join their team! -Full-time/Days/Mon-Fri, 7a-3:30p, no weekends, no call, no holidays. -Must have 3 Years of IMU or ICU Adult RN experience - Any type of imaging experience with MRI or IR would be a plus -Will be working and coordinating closely with Pedi Anesthesia teams -Coordinate and collaborate with many multidisciplinary teams, including anesthesia, to schedule procedures outside of the OR (i.e. MRI, CT, IR) Minimum Qualifications Education: Graduate of an accredited School of Professional Nursing; Bachelors of Nursing preferred Licenses/Certifications: Current State of Texas license or temporary/compact license to practice professional nursing Certified in Basic Life Support Additional certifications may be required based on discipline and/or nursing",https://app.nursefern.com,Case Management (CM),NurseFern,2025-12-31T09:26:59.692796
On Demand Clinical Educator,Inizio Engage,2025-12-26,,Remote,Regular | Perm Employee,Regular | Perm Employee,Remote with Travel,,"InizioEngage has a long-standing partnership witha leading Biotechnology company across Commercial, Patient Solutions and Medical Affairs businesses.To deliver educational support toidentifiedpatients enrolled in the program as outlined in the program guide. To meet all relevant standards as set by the client andInizioClient Account Manager/Regional Manager.This is your opportunity to joinInizioEngage and represent a top biotechnology company!What'sin it for you?Competitive compensationExceptional, collaborative cultureBest Places to Work in BioPharma (2022, 2023, & 2024)Certified Great Place to Work (2022, 2023, 2025)What will you be doing?Provide educational support to enrolled patients on the injection technique of approved Disease Modifying Therapies and provide education surrounding client-offered support servicesProvide approved disease state and prescribed therapy support to enrolled patients as agreed by the client and InizioClient Account Manager/Regional ManagerConsistently consider new and innovative approaches that can lead to the development of new partnership opportunitiesComplete all required administrative responsibilities in a timely manner. These can include but are not limited to:Maintain professional registration and/or licensing as required by applicable state lawsAttend local and national meetings and/or conferences, as required, to keep abreast of plans, activities, and developments and to exchange knowledge and best practices within the teamMaintain all company equipment and materials in accordance withcompanyinstructionsComply with allIniziopolicies and procedures, along with all client policy andproceduresBe contactable during working hours to answer queries and perform dutiesPossess a full, valid United States driver's license at all timesand notifyInizioimmediatelyof any offenses or accumulation of penaltypointsPerform other duties as requestedWhat do you need for this position?Qualified Registered Nurse with current state licenseAssociate/Bachelors/BSNor equivalent work-related experience2 years working with rare disease, preferred but not essentialClinical educator/Sales experience within the pharmaceutical industry advantageousExcellent professional communication and presentation skills requiredSelf-starter with high personal motivationDemonstrate organizational skills and/or have previousterritory managementexperienceWillingness to travel as needed within designated territory, attend regional/national meetings, and assistwith coverage needs whereableAboutInizioEngageInizioEngage is a strategic, commercial, and creative engagement partner that specializes in healthcare. Our passionate, global workforce augments localexpertiseand diverse mix of skills with data, science, and technology to deliver bespoke engagement solutions that help clients reimagine how they engage with their patients, payers,peopleand providers to improve treatment outcomes. Our mission is to partner with our clients, improving lives by helping healthcare professionals and patients get the medicines, knowledge and support they need.We believe in our values:We empower everyone/We rise to the challenge/We work as one/We ask what if/We do the right thing, and we will ask you how your personal values align to them.To learn more aboutInizioEngage, visit us at:InizioEngage is proud to be an equal opportunity employer. Individuals seeking employment atInizioare considered without regards to age, ancestry, color, gender, gender identity or expression, genetic information, marital status, medical condition (including pregnancy, childbirth, or related medical conditions), mental or physical disability, national origin, protected family care or medical leave status, race, religion (including beliefs and practices or the absence thereof), sexual orientation, military or veteran status, or any other characteristic protected by federal, state, or local laws. Further,pursuant toapplicable local ordinances,Iniziowillconsider foremployment qualified applicants with arrest and conviction records.InizioEngage is an equal opportunity employer M/F/V/D. We appreciate your interest in ourcompany,however, only qualified candidates will be considered.",https://click.appcast.io/t/ZiPf7y3fCIN2t0sk5HaFX7eGzek026qCeJTDdc9zB7FBqQSDaSffvoo2Yqyz4-2S,"Registered Nurse | RN, Biotech | Health Tech | Medical Device, Entry Level, Nurse Educator, Pharmacy, Sales, Sponsored",Remote Nurse Connection,2025-12-31T09:26:25.429630
RN Case Manager ONSITE,HCA Healthcare,2025-12-24,"Englewood, CO",On-site,Regular | Perm Employee,Regular | Perm Employee,ON-SITE,$40.15 - $58,"DescriptionHourly Wage Estimate: $40.15 - $58.58 / hourLearn more about thebenefits offeredfor this job.The estimate displayed represents the typical wage range of candidates hired. Factors that may be used to determine your actual salary may include your specific skills, how many years of experience you have and comparison to other employees already in this role. The typical candidate is hired below midpoint of the range.IntroductionAre you passionate about the patient experience? At HCA Healthcare, we are committed to caring for patients with purpose and integrity. We care like family! Jump-start your career as a(an) RN Case Manager today with HCA HealthONE Swedish.BenefitsHCA HealthONE Swedish offers a total rewards package that supports the health, life, career and retirement of our colleagues. The available plans and programs include:Comprehensive medical coverage that covers many common services at no cost or for a low copay. Plans include prescription drug and behavioral health coverage as well as free telemedicine services and free AirMed medical transportation.Additional options for dental and vision benefits, life and disability coverage, flexible spending accounts, supplemental health protection plans (accident, critical illness, hospital indemnity), auto and home insurance, identity theft protection, legal counseling, long-term care coverage, moving assistance, pet insurance and more.Free counseling services and resources for emotional, physical and financial wellbeing401(k) Plan with a 100% match on 3% to 9% of pay (based on years of service)Employee Stock Purchase Plan with 10% off HCA Healthcare stockFamily support through fertility and family building benefits with Progyny and adoption assistance.Referral services for child, elder and pet care, home and auto repair, event planning and moreConsumer discounts through Abenity and Consumer DiscountsRetirement readiness, rollover assistance services and preferred banking partnershipsEducation assistance (tuition, student loan, certification support, dependent scholarships)Colleague recognition programTime Away From Work Program (paid time off, paid family leave, long- and short-term disability coverage and leaves of absence)Employee Health Assistance Fund that offers free employee-only coverage to full-time and part-time colleagues based on income.Learn more about Employee BenefitsNote: Eligibility for benefits may vary by location.Come join our team as a(an) RN Case Manager. We care for our community! Just last year, HCA Healthcare and our colleagues donated $13.8 million dollars to charitable organizations. Apply Today!Job Summary and QualificationsThe Rehabilitation Case Manager is responsible and accountable for coordinating and facilitating successful patient services from pre-admission through discharge. This includes one to one referral development and follow up to develop and maintain effective client relationships. Balances individually identified patient and family needs with the efficacious and cost effective utilization of resources. Coordinates patient, family, physicians and all rehab disciplines to effectively move patient through the continuum of care, including discharge planning. Oversee utilization management process including verification of insurance coverage, pre-authorization, resource management and overall management of patients within the continued stay criteria.Position Requirements:Current licensure in the State of Colorado as a Registered Nurse, or current active multistate Registered Nurse license-BSN preferredMinimum of 2 years experience working in a clinical setting; rehab or case management experience preferred.HCA HealthONE, one of the largest and most comprehensive healthcare systems in the Rocky Mountain region, offers more than 170 care sites in the Denver metro area. Offering services across the continuum of care to meet patients' total healthcare needs, HCA HealthONE includes seven acute care hospitals, a dedicated flagship pediatric hospital, a rehabilitation hospital, CareNow urgent care clinics, mental health campuses, imaging and surgery centers, physician practices, home and hospice care, and AirLife Denver, which provides regional critical care air and ground transportation. Among HCA HealthONE's acute care hospitals is Swedish, a proud member of the community for more than 115 years. An acute care hospital with 408 licensed beds, HCA HealthONE Swedish is a national leader in neurosciences and serves as the region's preeminent referral center for the most advanced stroke treatment and was the state's first Joint Commission-certified Comprehensive Stroke Center. HCA HealthONE Swedish is also home to a robust robotics program, a certified burn and reconstructive center, and a wide-ranging oncology center. Consistently among the Denver Business Journals' list of top corporate philanthropists in the Denver-metro area, HCA HealthONE was named as one of the most community-minded organizations by The Civic ...",https://click.appcast.io/t/5kEp07YBc11lJNUbSGxGN6EJulOgsB8AbqkXzXgviLVyJmjqa7QnQfmui2pctuKQ,"Case Management | Care Management, Entry Level, Registered Nurse | RN, Sponsored",Remote Nurse Connection,2025-12-31T09:26:25.715902
Remote Psychiatric Nurse Practitioner Contractor- Veteran and Military,Valor Healthcare,2025-12-24,,Remote,Contract,Contract Employee,Remote,,"DescriptionPosition SummaryDiagnoses and treats mental and behavioral health conditions. This includes diagnosis, evaluation, and management of psychosocial dysfunction. The mental health nurse practitioner completes assessments, treatment planning, short-term treatment, long-term treatment, education, as well as prescription and management of necessary mental health-related medication. This includes appropriate follow-up on lab, medical condition, and mental health stability. The mental health nurse practitioner provides referral for resources and benefits as needed by the veteran. The mental health nurse practitioner works collaboratively with their supervising physician following individual state licensing requirements.Benefits of this role:Set your own schedule around your current job! This position will be a 1099 independent contract role.Fully remote if you reside in the United States.Paid per session as an independent contractor.You provide excellent mental health care to our nation's heroes, and we will take care of the rest!Patient Care:Evaluates veterans and family members for mental health disorders and appropriately diagnoses and treats mental health conditions.Conducts suicide risk assessment during each patient encounterAssesses for medication adherence/non-complianceOrders and performs diagnostic tests and therapeutic procedures as related to mental health diagnoses and treatment and interprets test results for deviations from normal and provides follow-up care.Prescribes medication and recommends dietary and activity programs, as indicated by diagnosis.Performs appropriate-interval follow-up visits for necessary treatment of mental health diagnosis to include counseling, medication, testing and follow-up.Refers patient to the VA medical specialist when indicated.Counsels patients on the use of prescription medications and educates patients in relation to treatment plan.Collaborates with mental health clinician/therapist to ensure treatment goals are aligned with psychotropic medication and overall treatment goals.Ensures prescribed medications are consistent with diagnosis.Avoids polypharmacy to mitigate risk of medication side effects and non-compliance.Develops and implements patient management/treatment plans.Conducts individual counselingContributes to group therapy (i.e., PTSD groups; weight management; smoking cessation; grieving; and personal interactions).Involves veterans in planning and assuming responsibility for activities.Refers veterans, when indicated, to community resources and other organizations.Provides patient and family health education with a focus on self-management, prevention, wellness, related health issues and healthy lifestyle choices.Maintains confidentiality of veterans' data and information.Any/all other related duties as assigned.RequirementsGraduate of an accredited school of nursing and graduate of an accredited program for nurse practitioner (MSN required), including preceptorshipCertification by applicable professional organizationMinimum three-year clinical experience as an adult mental health CRNP.Must be credentialed and remain in good standing.Must comply with and maintain all requirements for a valid, unrestricted license in the state of desired employment.Current certification in Basic Life Support (must be renewed periodically as specified by the certifying agency - AHA valid for two years, e.g.)Current, unrestricted Drug Enforcement Administration (DEA) registration",https://recruiting.paylocity.com/Recruiting/Jobs/Details/3796383,"Management | Leadership, Psych | Behavioral Health | Mental Health, Weight Management",Remote Nurse Connection,2025-12-31T09:26:26.023747
Clinical Outcomes Manager - Population Health - Toledo,Mercy Health,2025-12-24,"Toledo, OH",Hybrid,Regular | Perm Employee,Regular | Perm Employee,"Hybrid, Local or Regional Travel",,"Thank you for considering a career at Mercy Health!Scheduled Weekly Hours:40Work Shift:Days/Afternoons (United States of America)Primary Function/General Purpose of PositionProvides in-person guidance and support to the providers, care teams, and affiliates in clinical integration initiatives that supports the quadruple aim and allows the organization to thrive in a value-based health care model. Key responsibilities include proactively maintaining a deep understanding of the key drivers for each practice, translating the data to insights for the practices, collaboratively identifying actionable steps for improvement through a Plan-Do-Study-Act (PDSA)process improvement model, coaching care teams in process improvements, clinical integration, and outcomes.***This is primarily a remote/work from home position, but hire must be local to go onsite as needed to support our Toledo, OH market locations (up to 25%).Essential Job FunctionsCompletes In person and virtual rounds in the practices on a regular basis to communicate status reports, key drivers of change, leading or lagging indicators, and providing insights to providers and practicesManages the review of clinical outcomes, patient panel management, and performance metrics for affiliates and employed physicians in the assigned market or Region's networkPartners with providers and care team members to implement evidence-based protocols and other improvement initiatives based on the insights, monitors ongoing progress, document supports, identify resources, and engages care delivery teamMaintains being a professional role model in practice transformation and under leadership guidance, effectively engages and educates regional stakeholders on the elements, measures, tasks, and tools to be used to support various practice improvement activitiesConducts provider orientation and facilitates onboarding and offboarding of providers into the assigned network as related to panel management and other Clinical Integration key initiativesSupports, encourages, and works closely with providers, their care teams and regional practice leaders to implement process and quality improvement activities and workflows necessary for successful participation in value-based agreementsCollaborates with Regional and practice staff to facilitate the market implementation of assigned network initiatives and facilitates process improvement activities in support of Clinical Integration initiativesConducts chart audits in support of annual quality composite audits with Affiliates not on Epic in support of Mercy Health Select and any other future distributions and chart reviews or quality audits under the direction of System or Regional clinical leadership for the purposes of supporting quality patient care and success in current and future initiativesFacilitates provider remediation tracking and activities in collaboration with assigned network leadership and the assigned medical and quality leadershipEffectively engages in relationship management to support the ministry outcomes and delivery of careThis document is not an exhaustive list of all responsibilities, skills, duties, requirements, or working conditions associated with the job. Employees may be required to perform other job-related duties as required by their supervisor, subject to reasonable accommodation.Licensing/CertificationCurrent RN Licensure accredited by Commission on Collegiate Nursing Education (CCNE), Accreditation Commission for Education in Nursing (ACEN), or Commission for Nursing EducationAccreditation (CNEA)(preferred)EducationBSN Bachelors' of Science Nursing or related Healthcare field (required)MSN Masters of Science Nursing, MBA, or Master's degree in related Healthcare field (preferred)Work Experience5 year's of experience in a healthcare setting including ambulatory offices, with previous management or leadership experience with Population Health or Value-Based Contract work including but not limited to: direct patient care, managing payer relationships or health systems outcomes (required)Working knowledge and familiarization with process improvement models (such asPDSA andA3) (preferred)Experience in value-based arrangements, clinical reporting packages (such as Milliman or Tableau) (preferred)Mercy Health is an equal opportunity employer.As aIt is our policy to abide by all Federal and State laws, as well as, the requirements of 41 CFR 60-1.4(a), 60-300.5(a) and 60-741.5(a). Accordingly, all applicants will receive consideration for employment without regard to race, color, national origin, religion, sex, sexual orientation, gender identity, age, genetic information, or protected veteran status, and will not be discriminated against on the basis of disability. If you'd like to view a copy of the affirmative action plan or policy statement forMercy Health- Youngstown, Ohio or Bon Secours - Franklin, Virginia; Petersburg, Virginia; and Emporia, Virginia,which are Affirmative Action and Equal Opportunity...",https://wd5.myworkdaysite.com/recruiting/easyservice/MercyHealthCareers/job/Work-at-Home---Ohio-Toledo-Market/Clinical-Outcomes-Manager---Population-Health---Toledo_R261257,"Case Management | Care Management, Quality, Registered Nurse | RN",Remote Nurse Connection,2025-12-31T09:26:26.164012
RN - Value-Based Care - Remote (On-Site Training),Christie Clinic,2025-12-24,"Champaign, IL",Remote,Regular | Perm Employee,Regular | Perm Employee,"Remote, Training On-Site",$30.30 - $41,"Job DetailsJob Location: University (CMC) - Champaign, IL 61820Position Type: Full TimeEducation Level: 2-Year DegreeSalary Range: $30.30 - $41.66 HourlyJob Shift: 1st ShiftJob Category: NursingChristie Clinic's department of Value-Based Care is seeking a full-time RN at the University clinic in Champaign from Monday-Friday 8:00am-5:00pm. with no night or weekend requirements. This position will allow for remote work following the successful completion of the training criteria as determined by the department.As a new position within Christie Clinic, the ideal candidate must be flexible to meet the value-based care performance needs of the clinic and open to developing the scope of the position as it is incorporated into patient care. The Population Health Nurse will be responsible for the hands-on execution of clinical and sub-clinical services and operations for Christie Clinic patients including those enrolled in CareSignal, a remote patient monitoring platform, and its associated programs (ex: CHF, Hypertension, Diabetes, Depression, COPD). Leveraging data from CareSignal, the Population Health Nurse will outreach to patients via phone when they report an escalation in their symptoms and provide proactive care for patients according to their long-term risk status. The Population Health Nurse will follow standard operating procedures (SOPs) which may include care coordination, communication and coordination/escalation to providers, alert management, and risk management for patients. The Population Health Nurse will work closely with primary care to coordinate the needs for high-risk chronically ill patients, including performing patient outreach for patients with open care gaps.Job Qualifications and ExpectationsJOB DUTIES:(This list may not include all of the duties assigned.)Monitor the CareSignal patient care dashboard to manage notifications and alerts for patients enrolled in the program;Use CareSignal data to provide direct care for large, but very manageable, volumes of patients given the functionality that the CareSignal software provides;Assist in developing and providing feedback on the success of SOPs and developing ways to improve the flow of patient care;Act as a strategic partner with Clinical Services, ACO stakeholders, and other value-based care team members to improve the quality performance of the clinic.Follow (SOPs) as defined by Christie Clinic to provide care to patientsUse clinical judgement to escalate patient to providers as needed and as defined in SOPsIdentify and outreach specific patient populations eligible for health related services to help reach Value-Based Care program goals.Assist with the planning, development, and implementation of Chronic Care Management programsImplement new programs based on community health needs and strategic planning discussionsREQUIRED QUALIFICATIONS:Minimum 2 years post-degree experience in a direct health care setting (including either physical or virtual care)An active RN or LPN license in the state of Illinois is requiredSkilled in interpreting clinical treatment information and making appropriate referral and triage decisionsPREFERRED QUALIFICATIONS:Previous Care Coordination, Case Management, Home Health or Behavior Health experienceTwo years of experience in provider practice or clinic health settingExperience with health IT systems and modern EHR managementExperience managing patients with chronic conditionsKnowledge of population health programs and resourcesAbility to thoroughly interview patients to assess overall health statusMust be able to educate patients on a variety of health care related issuesMust be comfortable speaking with patients in-person, over the phone, and/or virtuallyTYPICAL WORKING CONDITIONS:Work is performed primarily in a HOME BASED setting. There may be occasions where it will be necessary to perform tasks in a clinical setting with possible exposure to communicable diseases, toxic substances, hazardous waste, bodily fluids and other waste common to a health care environment.PAY AND BENEFITS:The estimated pay range for this position is exclusive of fringe benefits and potential bonuses. Final offers are based on various factors, including skill set, experience, qualifications, and other job-related criteria.We also offer a substantial benefits package, including:Paid Time Off (Vacation, Sick, Personal, Holiday, Birthday)Dependent Care Flexible Spending Account401k PlanMedical Flexible Spending AccountHealth InsuranceGroup Term Life InsuranceDental InsuranceIdentity Theft ProtectionVision InsuranceLong Term DisabilityAccidental Death & Dismemberment Insurance",https://www.paycomonline.net/v4/ats/web.php/portal/7AE2AD35C0D7E2D5D3293139465D58B1/jobs/49759,"Case Management | Care Management, Entry Level, Registered Nurse | RN",Remote Nurse Connection,2025-12-31T09:26:26.306023
Transitional Care RN,WASHINGTON COUNTY HOSPITAL AND CLINICS,2025-12-24,,Hybrid,Regular | Perm Employee,Regular | Perm Employee,Hybrid,,"Job DetailsJob Location: Washington Co Hospital - Washington, IA 52353Position Type: Full TimeJob Shift: DayJob Category: Health CareSUMMARYThe Transitional Care Utilization RN coordinates seamless patient transitions across the continuum of care, including review of admission for appropriate admission status for medical necessity, discharge, and facilitating communication between the hospital, LTC facilities, insurers and completing post-acute follow-up. This role promotes quality outcomes, reduces avoidable readmissions and promotes safe, efficient, and patient-centered care transitions.DUTIES/RESPONSIBILITIES(include but are not limited to the following)Assists with application of approved UR criteria and organizational standards. This includes the review of inpatient and observation admissions to assess medical necessity, level of care, and continued stay appropriateness in accordance with CMS regulations, CAH requirements, and payer guidelines.Participates in (in-person) inpatient unit table rounds and daily care coordination discussions M-F.Ensures timely and accurate communication of patient information during hospitalization with LTC facilities. coordinates WCHC SNF referrals and collaborates with insurance payors as needed.Serves as liaison among hospital and clinics teams.Identifies patients eligible for TCM (Transitional Care Management) services based on CMS criteriaQualificationsEDUCATION AND/OR EXPERIENCECurrent RN license in the State of Iowa.Minimum of two years clinical experience (acute care preferred).Experience in case management, discharge planning, or care coordination preferred.Familiarity with MCG/Milliman strongly preferred.SKILLS AND ABILITIESStrong communication and collaboration skills.Communicates admission status recommendations and continued stay findings to providers and leadership in a timely and professional mannerKnowledge of clinical guidelines and UR tools such as MCG.Ability to work independently in a hybrid environment.Strong organizational and problemsolving abilities.Proficiency with EMR systems and care coordination workflows.",https://www.paycomonline.net/v4/ats/web.php/portal/29AF1434F0C98269277F46D38F09157C/jobs/442135,"Case Management | Care Management, Entry Level, Registered Nurse | RN, Utilization Management | Utilization Review",Remote Nurse Connection,2025-12-31T09:26:26.448887
"Flex Nurse Educator - Spokane, WA (Must have/obtain CA license)",IQVIA,2025-12-24,,Remote,Regular | Perm Employee,Regular | Perm Employee,Remote with Travel,"$80,000-$85,000","Flex Nurse EducatorIQVIA - Advancing Patient Support and EducationIQVIA, the world's premier provider of commercial healthcare solutions, is seeking licensed healthcare professionals for the position of Flex Nurse Educator. This role supports patient care through both remoteand, whenrequired, in-field coverage, ensuring continuity during staff absences and territory vacancies.Position SummaryThe Flex Nurse Educator delivers essential educational support and medication training to patients living with chronic diseases who have beenprescribedspecific medications. The professional engages with patients primarily through virtual channels, including telephonic, video, secure messaging, email, and SMS,and provides in-person education only when coveringterritory vacanciesand/or LOAtomaintainseamless program coverage and compliance.Job QualificationsActive RN license in good standing (compact multi-state preferred); may berequiredto obtainadditionallicensure in multiple states; bachelor's degree or BSN preferred.Mustpossessor be willing to obtain a California RN Licensure ifresidingin the Mountain or Pacific time zoneMustresidewithin the specific geographyAt least 5 years clinical experience in hospital, home health, pharmaceutical, or biotech settings; nurse educator background a plusBilingual in English/Spanish and prior Ambassador experience desirable.Exceptional communication, organization, and time management skills, including experience managing multiple territories and prioritizing projects and deadlines.Proficient in virtual platforms, documentation, MS Office, and iPad technologyAbilityto travel up to 50% for in-field assignments and coverage as needed; valid driver's licenserequired.Flexible availability for evening and weekend workPrivate designated workspace at homerequired.Flexibility toworkweekends and evenings.Key ResponsibilitiesDeliver remote patient education, including medication administration training and adherence support, via telephonic, video, email, SMS, and secure messaging platforms.Provide in-person support and education exclusively during coverage of territory vacancies,such as home visits and other approved designated locations,maintainingprivacy and high educational standards.Facilitate connections to program-approved resources and encourage dialogue between patients and healthcare providers.Maintainaccuratedocumentation, follow approved protocols, and uphold KPIs and compliance standards.Collaborate with District Managers and Field Leadership,participatein training sessions and strategic planning, andassistin onboarding and mentoring new team members as needed.Coordinate andfacilitatethe connection between patients and program-approved, patient-based resources.Provide educational training to patients on specific disease states andprescribedmedication.Provide patient-focused education to empowerpatients toadhere tospecific treatment complianceas directed by their HCP.Fosterappropriate dialoguebetween patient and health care providerAdditional ResponsibilitiesSupport patients throughout their treatment journey, addressing accessbarriersand promoting behavioral change foroptimalhealth outcomes.Participate in ongoing professional development, team meetings, and quality improvement initiatives.Adhere strictly to program guidelines, ensuring non-clinical and educational interactions with patients.Uphold territory-specific targets and compliance with company and regulatory standards.This is an educational, non-clinical position. Nurse Educators do notprovidemedical advice but empower patients to manage their disease and improve treatment compliance. Join IQVIA's team of over 10,000 representatives and help deliver medical breakthroughs to those who need them most.#LI-CESIQVIA is a leading global provider of clinical research services, commercial insights and healthcare intelligence to the life sciences and healthcare industries. We create intelligent connections to accelerate the development and commercialization of innovative medical treatments to help improve patient outcomes and population health worldwide. Learn more atIQVIA is proud to be an equal opportunity employer. All qualified applicants will receive consideration for employment without regard to race, color, religion, sex, sexual orientation, gender identity, national origin, disability, status as a protected veteran, or any other status protected by applicable law.The potential base pay range for this role is $80,000-$85,000 annually. The actual base pay offered may vary based on a number of factors including job-related qualifications such as knowledge, skills, education, and experience; location; and/or schedule (full or part-time). Dependent on the position offered, incentive plans, bonuses, and/or other forms of compensation may be offered, in addition to a range of health and welfare and/or other benefits.",https://iqvia.wd1.myworkdayjobs.com/IQVIA/job/Spokane-WA/Flex-Nurse-Educator---Spokane--WA--Must-have-obtain-CA-license-_R1509669-1,"Biotech | Health Tech | Medical Device, Entry Level, Nurse Educator, Registered Nurse | RN",Remote Nurse Connection,2025-12-31T09:26:26.606997
Utilization Management Nurse Consultant,CVS Health,2025-12-24,,Remote,Regular | Perm Employee,Regular | Perm Employee,Remote,$26.01 - $56,"At CVS Health, we're building a world of health around every consumer and surrounding ourselves with dedicated colleagues who are passionate about transforming health care.As the nation's leading health solutions company, we reach millions of Americans through our local presence, digital channels and more than 300,000 purpose-driven colleagues - caring for people where, when and how they choose in a way that is uniquely more connected, more convenient and more compassionate. And we do it all with heart, each and every day.Position SummaryUtilization Management is a 24/7 operation and work schedules will include weekends, holidays, and evening hours.Utilizes clinical experience and skills in a collaborative process to assess, plan, implement, coordinate, monitor and evaluate options to facilitate appropriate healthcare services/benefits for members.Gathers clinical information and applies the appropriate clinical criteria/guideline, policy, procedure and clinical judgment to render coveragedetermination/recommendation alongthe continuum of careCommunicates with providers and other parties to facilitate care/treatment Identifies members for referral opportunities to integrate with other products, services and/or programsIdentifies opportunities to promote quality effectiveness of Healthcare Services and benefit utilizationConsults and lends expertise to other internal and external constituents in the coordination and administration of the utilization/benefit management function.Typical office working environment with productivity and quality expectations.Work requires the ability to perform close inspection of hand written and computer generated documents as well as a PC monitor.Sedentary work involving periods of sitting, talking, listening.Work requires sitting for extended periods, talking on the telephone and typing on the computer. Ability to multitask, prioritize and effectively adapt to a fast paced changing environment.Position requires proficiency with computer skills which includes navigating multiple systems and keyboarding.Effective communication skills, both verbal and writtenRequired Qualifications3+ years of clinical experience as a Registered Nurse in a hospital setting in adult acute care/critical care settingMust have active current and unrestricted RN licensure in state of residenceUtilization Management is a 24/7 operation and work schedules will include weekends, holidays and evening hoursPreferred Qualifications3+ years of clinical experience required in adult med surg or specialty areaManaged Care experience preferred, especially Utilization Managementpreference for those residing in EST zoneEducationAssociate's Degree in Nursing requiredBSN preferredAnticipated Weekly Hours40Time TypeFull timePay RangeThe typical pay range for this role is:$26.01 - $56.14This pay range represents the base hourly rate or base annual full-time salary for all positions in the job grade within which this position falls. The actual base salary offer will depend on a variety of factors including experience, education, geography and other relevant factors. This position is eligible for a CVS Health bonus, commission or short-term incentive program in addition to the base pay range listed above.Our people fuel our future. Our teams reflect the customers, patients, members and communities we serve and we are committed to fostering a workplace where every colleague feels valued and that they belong.Great benefits for great peopleWe take pride in our comprehensive and competitive mix of pay and benefits - investing in the physical, emotional and financial wellness of our colleagues and their families to help them be the healthiest they can be. In addition to our competitive wages, our great benefits include:Affordable medical plan options,a401(k) plan(including matching company contributions), and anemployee stock purchase plan.No-cost programs for all colleaguesincluding wellness screenings, tobacco cessation and weight management programs, confidential counseling and financial coaching.Benefit solutions that address the different needs and preferences of our colleaguesincluding paid time off, flexible work schedules, family leave, dependent care resources, colleague assistance programs, tuition assistance, retiree medical access and many other benefits depending on eligibility.For more information, visitCompany Job Link:https://cvshealth.wd1.myworkdayjobs.com/en-US/CVS_Health_Careers/job/OH---Work-from-hom/Utilization-Management-Nurse-Consultant_R0763434-1APPLY HERE",https://cvshealth.wd1.myworkdayjobs.com/en-US/CVS_Health_Careers/job/OH---Work-from-hom/Utilization-Management-Nurse-Consultant_R0763434-1,"Critical Care, Entry Level, Registered Nurse | RN, Utilization Management | Utilization Review",Remote Nurse Connection,2025-12-31T09:26:26.747614
Regional Clinical Educator RN PT,Enhabit Home Health & Hospice,2025-12-24,,Remote,Regular | Perm Employee,Regular | Perm Employee,Remote with Travel,,"OverviewTerritory: North Carolina - Marion, Rutherfordton, Columbus, Asheboro, Lexington, GreensboroThe Regional Clinical Educator / Regional Program Director will office from the Enhabit branch closest to his/her residence and travel across the territory on a regular and frequent basis. Some overnight travel is required.The Regional Program Director represents the region in activities involving professional contacts with physicians, hospitals, public health agencies, associations, executive level opportunities and similar health groups and institutions to educate them on the availability of Medicare services.In this role, you will collaborate with leadership to strategize for growth, and assist with implementation and execution of specialty programs and protocols that provide improved home health care services.ResponsibilitiesThe Regional Program Director is responsible for meeting and exceeding annual referral and admission goals as set by senior management as well as assisting the regional sales team toward meeting their referral and admissions goals. Monitors the execution of specialty programs and services through ongoing quality assurance visits with referral sources in partnership with our local home health agencies' operations and clinical team members.QualificationsEducation and Experience (ESSENTIAL):Must be a graduate of an approved school of nursing or therapy. Must be licensed in the state where they currently practice. Must have demonstrated experience and understand federal, state, and local laws and regulatory guidelines governing the operations of a home health or hospice.Nurses must be an RN Registered NurseTherapists must be a licensed Physical Therapist PTEducation and Experience (DESIRED):Management experience is preferred. Extensive related field experience is preferred. Demonstrated experience and understanding of laws and regulatory guidelines as they relate to beneficiary qualifications is preferred.Qualifications:Must have excellent oral and written communication skills. Must have strong presentation skills. Must have the ability to interact positively with a diverse population and be able to successfully build relationships.Must be able to organize and execute programs. Must be self-motivated and able to work independently. Must be able to prioritize multiple tasks and deadlines simultaneously, with minimal supervision. Must maintain and adhere to multiple budgets.Must meet sales goals. Must have motivation for sales, territory management, performance management, negotiation, sales planning, and profitability management. Must demonstrate a strong understanding of customer and market dynamics, and a strong understanding of transitional care. Must be able to utilize reports and trends to support efforts and to understand clinical status and progress.Requirements:Must possess a valid state driver licenseMust maintain automobile liability insurance as required by lawAdditional InformationAs a national leader in home-based care, Enhabit is consistently ranked as one of the best places to work in the country. We're committed to expanding what's possible for patient care in the home, all while fostering a unique culture that is both innovative and collaborative. At Enhabit, the best of what's next starts with us. We make it a priority to maintain an ethical workplace and continually invest in our employees. Enhabit offers competitive benefits that support and promote healthy lifestyle choices. Some benefits, tools and resources include:Matching 401(k) plan for all employeesComprehensive insurance plans - medical, dental and visionGenerous paid time off - Up to 30 paid days off per yearContinuing education opportunities and scholarship programsElectronic medical records and mobile devices for all cliniciansIncentivized bonus planEnhabit Home Health & Hospice is an equal opportunity employer. We work to promote differences in a collaborative and respectful manner. We are committed to a work environment that supports, encourages and motivates all individuals without discrimination on the basis of race, color, religion, sex (including pregnancy or related medical conditions), sexual orientation, gender identity, marital status, age, disability, national or ethnic origin, military service status, citizenship, genetic information, or other protected characteristic. At Enhabit, we celebrate and embrace the special differences that make our community extraordinary.",https://careers-ehhi.icims.com/jobs/143241/regional-clinical-educator-rn-pt/job,"Home Health, Hospice, Nurse Educator, Registered Nurse | RN, Sales",Remote Nurse Connection,2025-12-31T09:26:26.884930
"Care Manager, Nurse 2",Humana,2025-12-24,,Remote,Regular | Perm Employee,Regular | Perm Employee,Remote,"$71,100 - $97,800","Become a part of our caring community and help us put health firstWe are seeking a dedicated and compassionate Registered Nurse with a Bachelor of Science in Nursing (BSN) to join our team as a Care Manager, Telephonic Nurse 2. In this pivotal role, you will play a crucial part in our Patient Management Program, focusing on individuals with specialized and complex health conditions, including autoimmune disorders, pulmonary diseases, neuromuscular disorders, infectious diseases, cancer(s), and other rare ailments.As a Care Manager, Telephonic Nurse your primary responsibility will be to assess and evaluate the conditions of our members, with a particular emphasis on medication therapy, through telephonic interactions to ensure they achieve and maintain optimal wellness. Additionally, you will develop and implement comprehensive care plans, monitor patient progress through regular assessments, and utilize advanced telecommunication systems to provide medication education. The ideal candidate will demonstrate strong clinical expertise, exceptional communication skills, and the ability to work independently while adhering to established protocols and guidelines. This position offers the opportunity to make a significant impact on the lives of patients with serious and rare health conditions within a supportive and professional environment.Use your skills to make an impactThis position is a call center based environment. There is a set schedule that is provided daily with inbound and outbound tasks to perform.This position is for 10am-6:30pm ESTthree daysa week M-F, andtwo daysa week hours of 11:30am-8pm EST.There will be a Friday late night requirement on a rotation of 11:30am-8pm.There will be a Saturday rotation hours of 8:30am-12:30pm EST.Overtime is required on an as needed basis.There is a Holiday rotation that will be worked. Workable holidays for the pharmacy include Martin Luther King Day, Memorial Day, Juneteenth, 4th of July, Labor Day, The day after Thanksgiving, and New Years Day.Required QualificationsMust have Completed Bachelor's Degree in Nursing3 - 5 years of clinical acute care experienceLicensed Registered Nurse (RN) in the (appropriate state) with no disciplinary actionMust live in OH, KY, FL, AZ, TX.Comprehensive knowledge of Microsoft Office applications including Word, Excel, and OutlookMust be passionate about contributing to an organization focused on continuously improving consumer experiencesPreferred QualificationsPreferred QualificationsExperience with care management, patient education for adult care, auto dialer experienceBilingual English/SpanishAuto Dialer ExperienceAdditional InformationTravel: While this is a remote position, occasional travel to Humana's offices for training or meetings may be required.Scheduled Weekly Hours40Pay RangeThe compensation range below reflects a good faith estimate of starting base pay for full time (40 hours per week) employment at the time of posting. The pay range may be higher or lower based on geographic location and individual pay will vary based on demonstrated job related skills, knowledge, experience, education, certifications, etc.$71,100 - $97,800 per yearThis job is eligible for a bonus incentive plan. This incentive opportunity is based upon company and/or individual performance.Description of BenefitsHumana, Inc. and its affiliated subsidiaries (collectively, ""Humana"") offers competitive benefits that support whole-person well-being. Associate benefits are designed to encourage personal wellness and smart healthcare decisions for you and your family while also knowing your life extends outside of work. Among our benefits, Humana provides medical, dental and vision benefits, 401(k) retirement savings plan, time off (including paid time off, company and personal holidays, volunteer time off, paid parental and caregiver leave), short-term and long-term disability, life insurance and many other opportunities.About usAbout CenterWell Pharmacy: CenterWell Pharmacy provides convenient, safe, reliable pharmacy services and is committed to excellence and quality. Through our home delivery and over-the-counter fulfillment services, specialty, and retail pharmacy locations, we provide customers simple, integrated solutions every time. We care for patients with chronic and complex illnesses, as well as offer personalized clinical and educational services to improve health outcomes and drive superior medication adherence.About CenterWell, a Humana company: CenterWell creates experiences that put patients at the center. As the nation's largest provider of senior-focused primary care, one of the largest providers of home health services, and fourth largest pharmacy benefit manager, CenterWell is focused on whole-person health by addressing the physical, emotional and social wellness of our patients. As part of Humana Inc. (NYSE: HUM), CenterWell offers stability, industry-leading benefits, and opportunities to grow yourself and your career. We pro...",https://humana.wd5.myworkdayjobs.com/Humana_External_Career_Site/job/Remote-Arizona/Care-Manager--Nurse-2_R-398859,"Case Management | Care Management, Entry Level, Registered Nurse | RN",Remote Nurse Connection,2025-12-31T09:26:27.024107
"Program Manager, Clinical Tools",Habitat Health,2025-12-24,,Remote,Regular | Perm Employee,Regular | Perm Employee,Remote,"$117,000 -$130,000","At Habitat Health, we envision a world where older adults experience an independent and joyful aging journey in the comfort of their homes, enabled by access to comprehensive health care. Habitat Health provides personalized, coordinated clinical and social care as well as health plan coverage through the Program of All-Inclusive Care for the Elderly (""PACE"") in collaboration with our leading healthcare partners, including Kaiser Permanente.Habitat Health offers a fully integrated experience that brings more good days and a sense of belonging to participants and their caregivers. We build engaged, fulfilled care teams to deliver personalized care in our centers and in the home. And we support our partners with scalable solutions to meet the health care needs and costs of aging populations.Habitat Health is growing, and we're looking for new team members who wish to join our mission of redefining aging in place. To learn more, visit.Role Scope:We are looking for a program manager to drive our Clinical and Strategic tools portfolio, specifically EMR and Growth engines. As a Program Manager you will work cross-departmentally to organize project planning, implementation, and training success. We are looking for a highly organized and dynamic individual who can juggle multiple projects across various applications; help implement and refine processes for intake, prioritization, and tracking of both projects and regular maintenance requests; and work closely with Platform and Operations leaders on end user training success.Serve as the primary program manager for Epic clinical tools for our PACE program (e.g., assessments, care plans, day center management), coordinating enhancements, upgrades, and cross-functional initiativesDesign, implement, and continuously improve intake, prioritization, and tracking mechanisms for clinical tool projects, enhancements, and ongoing maintenanceBuild and drive a robust program for clinical tools: roadmap planning, status reporting, risk management, and dependency trackingTranslate ambiguous clinical and operational needs into clear project scope, requirements, and execution plansPartner closely with PACE Center leadership, Office of the CMO, Population Health, Practice Operations, Finance, Strategy, Growth, and Health Plan Operations to understand priorities and align work accordinglyFacilitate working sessions and decision forums with both senior leadership and frontline staff, ensuring clarity, alignment, and forward momentum and identify and fill gaps in end-user trainingsDrive refinement of documentation and facilitate demos or training sessions to support adoption and workflow optimizationSupport limited Salesforce-related initiatives tied to growth, referral workflows, or operational visibility, partnering closely with internal Platform and Data teamsCoordinate with Epic, Salesforce, and other third-party vendors to drive timely delivery, clarify system capabilities, and ensure appropriate documentation is collected and sharedQualifications7+ years of experience managing cross-functional technology or clinical application programs, ideally in healthcareHands-on experience working with Epic clinical applications (e.g., Ambulatory); familiarity with how clinical workflows operate within EpicStrong ability to bring structure to ambiguity, define scope, and create executable plans from evolving business needsExcellent communication and facilitation skills, with comfort engaging both executive leadership and frontline usersStrong documentation skills, including project plans, process flows, and executive-level summariesProficiency with Microsoft Office tools (Excel, PowerPoint) and visualization tools (e.g., Lucid, Visio)Nice to HaveExperience with SalesforceExperience with Agile methodology including leading SCRUMPACE,Medicare/Medicaid, or highly regulated healthcare environmentsexperienceCompensation:We take into account an individual's qualifications, skillset, and experience in determining final salary. This role is eligible for medical/dental/vision insurance, short and long-term disability, life insurance, flexible spending accounts, 401(k) savings, paid time off, and company-paid holidays. The expected salary range for this position is$117,000 -$130,000 and is bonus eligible.The actual offer will be at the company's sole discretion and determined by relevant business considerations, including the final candidate's qualifications, years of experience, skillset, and geographic location.Vaccination Policy, including COVID-19At Habitat Health, we aim to provide safe and high-quality care to our participants. To achieve this, please note that we have vaccination policies to keep both our team members and participants safe. For covid and flu, we require either proof of vaccination or declination form and required masking while in participant locations as a safe as and essential requirement of this role. Requests for reasonable accommodations due to an applicant's disability or...",https://job-boards.greenhouse.io/habitathealth/jobs/5046605008,"Informatics, Management | Leadership, Registered Nurse | RN",Remote Nurse Connection,2025-12-31T09:26:27.173919
Telehealth Family Nurse Practitioner - Eating Disorders (Eastern Time Zone),Equip Health,2025-12-24,,Remote,Regular | Perm Employee,Regular | Perm Employee,Remote,$110- $132,"About EquipEquip is the leading virtual, evidence-based eating disorder treatment program on a mission to ensure that everyone with an eating disorder can access treatment that works. Created by clinical experts in the field and people with lived experience, Equip builds upon evidence-based treatments to empower individuals to reach lasting recovery. All Equip patients receive a dedicated care team, including a therapist, dietitian, physician, and peer and family mentor. The company operates in all 50 states and is partnered with most major health insurance plans. Learn more about our strongFounded in 2019, Equip has been a fully virtual company since its inception and is proud of the highly-engaged, passionate, and diverse Equisters that have created Equip's culture. Recognized byAbout the role:The Family Nurse Practitioner will be responsible for caring for children and adults with eating disorders via Equip's 100% virtual Telehealth platform. Physician Assistants are essential members of Equip's 5-person virtual treatment team, working alongside a therapist, dietitian, peer mentor, and family mentor to help people recover from eating disorders.*Accepting Applications on a rolling basis as neededResponsibilities:Manage a high volume patient case-load.Provide comprehensive assessments and diagnoses of eating disorders and co-occurring psychiatric conditions (psychiatric consultation available).Implement medication treatment plans for eating disorders and co-occurring conditions in a virtual clinic (i.e. telehealth) setting.Collaborate with a multidisciplinary treatment team of physicians, dietitians, therapists, patient mentors, and family mentors, along with outside providers.Utilize between-session messaging to support patients and communicate with the treatment team through Equip EMR in accordance with Equip's policies and procedures.Engage in treatment team meetings, supervision, and department meetings.Perform other duties as assigned.Qualifications:Board Certified as a Family Nurse Practitioner.Ability to maintain active Family Nurse Practitioner licenses and pursue cross licensing as applicable (cost of licenses to be covered by Equip).3+ years of experience treating pediatric, adolescent, and adult patients in an outpatient setting.Demonstrate a commitment to providing excellent evidence-based care, advancing clinical skills, and a passion for professional development.Communicate effectively with patients and patient's carers, and respond to messages within a timely manner.Be curious, enjoy learning, and participate enthusiastically and collaboratively in a multidisciplinary team.Schedule:Monday - Friday.Scheduling availability between 9a-5p for direct patient care duties.Required to work two evenings at least till 6 pm during the week to accommodate patients.Equip's Official Hours are from 8 am - 8 pm.Weekly Schedule:Direct Patient Care: Up to 30 hours a week, includes new patient intakes and follow up sessionsMeetings includes treatment team meeting, provider team meetings, on-going training and 1:1 support with a supervisor, approx. 4.5 hours.Administration/Documentation (remainder of time in the week)Required to do 12 hours of direct patient care after 2 pm in your time zone throughout the week.Required to work two evenings of your choice at least till 6:00 pm.No Weekends required.Salary:$110- $132K * Offers BonusOther BenefitsTime Off:Flex PTO policy (3-5 wks/year recommended) + 11 paid company holidays.Medical Benefits:Competitive Medical, Dental, Vision, Life, and AD&D insurance.Equip pays for a significant percentage of benefits premiums for individuals and families.Maven, a company paid reproductive and family care benefit for all employees.Employee Assistance Program (EAP), a company paid resource for mental health, legal services, financial support, and more!Other BenefitsLoan Repayment:$500/quarter for employees under a year of tenure.$1,000/quarter for employees over a year of tenure.Continuing Education:For therapists and medical providers, unlimited online courses through NetCE.For all providers, up to $1,000/year stipend for continuing education.Opportunities to attend team onsites and conferences at various locations throughout the US.Work From Home Additional Perks:$50/month stipend added directly to an employee's paycheck to cover home internet expenses.One-time work from home stipend of up to $500.Physical DemandsWork is performed 100% from home with no requirement to travel. This is a stationary position that requires the ability to operate standard office equipment and keyboards as well as to talk or hear by telephone. Sit or stand as needed.#LI-RemoteAt Equip, Diversity, Equity, Inclusion and Belonging (DEIB) are woven into everything we do. At the heart of Equip's mission is a relentless dedication to making sure that everyone with an eating disorder has access to care that works regardless of race, gender, sexuality, ability, weight, socio-economic status, and any marginali...",https://jobs.ashbyhq.com/equip/30fbb5e9-7c31-43c2-8c77-43b010c9e243,"Advanced Practice Nurse, Eating Disorders, Triage | Telehealth",Remote Nurse Connection,2025-12-31T09:26:27.313290
Psychiatric Mental Health Nurse Practitioner,Dayspring Behavioral Health,2025-12-24,,Remote,Contract,Contract Employee,Remote,,"DescriptionJob Title:Psychiatric Mental Health Nurse Practitioner (Child and Adolescent Focused)Location:Issaquah, WACompensation:Hourly RateEmployment Type:W-2 EmployeeDayspring Behavioral is growing! We are seeking board-certifiedChild / Adolescent Psychiatric and Mental Health NursePractitioner (PMHNP-BC)s, with a clinical focus on pediatric psychiatry, who are actively licensed in Washington State and have at leastone yearmental health experience as a PMHNP. Our current demand for psychiatric evaluations/medication management services in-person is high and our volume of referrals continue to increase.We are a diverse team of 40+ multi-disciplinary providers, including psychologists, psychotherapists, interns, and postdoctoral fellows. We providing care to individuals, couples, families and children in the Greater Eastside of Seattle area. We have three beautiful office locations in Issaquah, Maple Valley, and Redmond.We are currently accepting applications for part-time and full-time W-2 providers with the following credentials:Advanced Practice Registered Nurse (APRN)Certified Nurse Practitioner (CNP)Child / Adolescent Psychiatric and Mental Health Nurse Practitioner - Board Certified (PMHNP-BC)Benefits for the Psychiatric and Mental Health Nurse Practitioner:$100/hourW-2 Position with several benefits for those over 25 hours per weekAdministrative, scheduling, and refill support from psychiatric assistantsGuaranteed referrals, with attention given to your specialties/preferences and opportunities to access diverse clinical populations and work with patients across the lifespanFlexible hours and scheduleSecure telehealth platform, EHR program, e-prescribingProfessional liability insurance covered for PT and FT providersCEU/CMEs and license fees covered for FT providersOpportunity for in-house coordination/consultation with multidisciplinary team of professionals, including other CNP, PMHNPsMarketing & Intake support (secure email account, business cards, professional bio, social media)Fully furnished, modern offices and waiting roomsAnd more!BIPoC and multilingual providers strongly encouraged to apply!RequirementsRequirements of the Child / Adolescent Psychiatric and Mental Health Nurse Practitioner:Advanced Practice Registered Nurse (APRN), Certified Nurse Practitioner (CNP), Adult Psychiatric and Mental Health Nurse Practitioner - Board Certified (PMHNP-BC) providerMinimum 1 year experience in mental health setting as Child / Adolescent PMHNPCurrent and full Licensing in WA and in good standing with WA Board of NursingTrained to evaluate, diagnose, and treat mental health concerns across the lifespan specifically clients 18 years old and underClinical emphasis on clients 13 years of age and youngerPrior provision of psychiatric medicine from a trauma-informed lensHolistic, relational, inclusive, strengths-based approach to patient careProficient use of electronic health record (EHR) programs and practicesExperience with practice of telehealth/telemedicineIn-person sessions, minimum 8-10 direct client care hours/weekTimely and effective completion of mental health diagnostic assessments, treatment plans, progress notes, discharge summaries, and required forms and documents related to psychiatric care and electronic record keepingDemonstration of full compliance with legal, regulatory, ethical, accrediting, licensing, and procedural requirements related to professional practice and consistent with the highest standards of careBasic setup for provision of telemedicine (e.g., personal computer/laptop; stable internet access; private remote work space)Committed to joining the community at our group private practice and providing a minimum of 8-10 direct client care hours/week.Responsibilities of the Child / Adolescent Psychiatric and Mental Health Nurse Practitioner:Assess and diagnose mental health and psychiatric concernsPrescribe and manage medications mindfully, starting, changing, and stopping medications at a pace each patient is comfortable withScreen and refer for physical health factors that may be complicating psychiatric diagnosesCoordinate care with other treatment professionals, including psychotherapists, dietitians, licensed alcohol and drug counselors, primary care physicians, and specialists.Establish with the patient appropriate goals for treatment, complete treatment plan, and review progress towards these goalsProvide services via telehealth/telemedicine, and in-personProtect patient and team member privacy, understand and follow principles and standards related to confidentiality, HIPAA, and professional code(s) of conductDayspring Behavioral Health does not and shall not discriminate on the basis of race, color, religion (creed), gender, gender expression, age, national origin (ancestry), disability, marital status, sexual orientation, or military status, in any of its activities or operations. These activities include, but are not limited to, hiring and firing of staff, selection o...",https://recruiting.paylocity.com/Recruiting/Jobs/Details/3773428,"Advanced Practice Nurse, Psych | Behavioral Health | Mental Health",Remote Nurse Connection,2025-12-31T09:26:27.453823
Registered Nurse (RN) Care Transition - Population Health,Bon Secours Mercy Health,2025-12-24,,Remote,Regular | Perm Employee,Regular | Perm Employee,Remote,,"Thank you for considering a career at Bon Secours!Scheduled Weekly Hours:40Work Shift:Days (United States of America)Summary of Primary Function/General Purpose of PositionIn the capacity of a Care Transition Nurse/Registered Nurse (RN), provide and facilitate coordination of services during the acute care stay and the transition to Ambulatory/Community and/or post-acute setting for identified eligible patients. Work directly with the patient, family/support members, inpatient case management team, and interdisciplinary care team members during admission for appropriate utilization of services, length of stay and safe discharge plan. Coordinate transition services with providers at and after discharge to ensure safe and effective placement in the community and work in conjunction with ambulatory care coordination team for creation and execution of effective plan of care.***This position is primarily remote/work from home. Hire will support our Hampton Roads, VA market.Essential Job FunctionsIdentify, enroll and manage patients experiencing a transition from the acute care setting to the community setting.Meet productivity standards related to outreach to identified eligible patients in a timely manner.Develop and implement transition care plans to maximize healthcare outcomes, interrupt negative disease trajectories to avoid decline in clinical status, and facilitate safe placement in clinically appropriate care settings post discharge.Perform medication review and work with members of the care team (including the patient) prior to and immediately after discharge to address discrepancies or issues in medications prescribed.Collaborate with Hospitalists, post-acute facilities and Ambulatory Care Coordinators to effectively implement a patient-centered care plan.Perform patient outreach according to established protocols and document in electronic medical record.Identify, execute, and track needed referrals to care and community resources.Provide resource management to improve care, patient experience and reduce unnecessary cost and utilization: right care, right place, right time.Collaborate with Post- Acute Facilities for planning and coordinating safe and appropriate transitions for patients.Begin and/or facilitate conversations for Advanced Care Planning during care transition process.Screen for ongoing case management needs and perform warm transfer to ACM if appropriateDocument all communications with patient and/or care team in electronic medical record.This document is not an exhaustive list of all responsibilities, skills, duties, requirements, or working conditions associated with the job. Employees may be required to perform other job related duties as required by their supervisor, subject to reasonable accommodation.Employment QualificationsEducation Qualifications:Associate's Degree in Nursing (required)Bachelor's Degree in Nursing (BSN) (preferred)Licensing/ Certifications:Registered Nurse with active License in State of Patient Care (required)Case Management certification (preferred)Minimum Qualifications:2-3 years acute care, home health or case management experience (required)Other Knowledge, Skills and Abilities:Excellent interpersonal communication and negotiation skills. Strong analytical, data management and computer skills (required)Demonstrated success in improving the health of a distinct population of patients in the ambulatory or community setting (preferred)Patient PopulationThe following must be included in all position descriptions that involve direct or indirect patient care. This is a JCAHO requirement. Also select the age of the patient population served:Demonstrates the knowledge and skills necessary to provide care appropriate to the age of the patients served on his or her assigned unit.Demonstrates knowledge of the principles of growth and development of the life span and possesses the ability to assess data reflective of the patient's status and interprets the appropriate information needed to identify each patient's requirements relative to his or her age, specific needs and to provide the care needed as described in departmental policies and procedures.Neonates (0-4 weeks)Adolescents (13-17 years)Infant (1-12 months)Adults (18-64 years).Pediatrics (1-12 years)Geriatrics (65 years and older)Bon Secours is an equal opportunity employer.As aDepartment:Care Coordination - Population Health Service OrganizationIt is our policy to abide by all Federal and State laws, as well as, the requirements of 41 CFR 60-1.4(a), 60-300.5(a) and 60-741.5(a). Accordingly, all applicants will receive consideration for employment without regard to race, color, national origin, religion, sex, sexual orientation, gender identity, age, genetic information, or protected veteran status, and will not be discriminated against on the basis of disability. If you'd like to view a copy of the affirmative action plan or policy statement for Mercy Health- Youngstown, Ohio or Bon Secours - Franklin, Virgini...",https://wd5.myworkdaysite.com/recruiting/easyservice/BonSecoursCareers/job/Work-at-Home---Virginia/Registered-Nurse--RN--Care-Transition---Population-Health_R261187,"Case Management | Care Management, Entry Level, Home Health, Registered Nurse | RN",Remote Nurse Connection,2025-12-31T09:26:27.596344
